Year,State,Population,YoY Growth (%)
2002,Australian Capital Territory,325004.75,
2002,New South Wales,6586550.75,
2002,Northern Territory,201937.25,
2002,Queensland,3665558.75,
2002,South Australia,1512741.25,
2002,Tasmania,474748.5,
2002,Victoria,4825530.25,
2002,Western Australia,1931258.5,
2003,Australian Capital Territory,327355.75,0.7233740429947622
2003,New South Wales,6624618.5,0.5779618414084142
2003,Northern Territory,201570.5,-0.18161582372742124
2003,Queensland,3755007.25,2.4402418867246256
2003,South Australia,1521472.25,0.5771641382820825
2003,Tasmania,479337.5,0.9666170614546443
2003,Victoria,4881506.25,1.1599968728825294
2003,Western Australia,1956283.0,1.29576128726423
2004,Australian Capital Territory,329032.25,0.5121339704587502
2004,New South Wales,6657159.25,0.4912094183234794
2004,Northern Territory,203014.0,0.7161266157498236
2004,Queensland,3840773.5,2.284050183924413
2004,South Australia,1529566.5,0.532001158746076
2004,Tasmania,483682.25,0.9064072808824708
2004,Victoria,4936431.25,1.1251650041419037
2004,Western Australia,1983610.25,1.3968965635340114
2005,Australian Capital Territory,331999.25,0.9017353162189989
2005,New South Wales,6701133.25,0.6605520214947536
2005,Northern Territory,206236.5,1.5873289526830758
2005,Queensland,3930028.5,2.323880853687421
2005,South Australia,1540614.5,0.7222961538448924
2005,Tasmania,486737.0,0.6315613194405989
2005,Victoria,4999258.0,1.2727159929554421
2005,Western Australia,2016536.5,1.6599152983808096
2006,Australian Capital Territory,336099.25,1.2349425488159982
2006,New South Wales,6757627.75,0.8430588960456786
2006,Northern Territory,209679.25,1.6693213858846478
2006,Queensland,4020767.5,2.3088636634568838
2006,South Australia,1555324.0,0.9547813551021411
2006,Tasmania,490077.75,0.6863562868653972
2006,Victoria,5074257.75,1.500217632296641
2006,Western Australia,2058482.5,2.0801012032264143
2007,Australian Capital Territory,342676.25,1.9568624446498983
2007,New South Wales,6848275.75,1.3414174818966673
2007,Northern Territory,214479.5,2.289330012387958
2007,Queensland,4122624.25,2.533266347780616
2007,South Australia,1572712.75,1.1180146387505197
2007,Tasmania,494073.0,0.815227787835715
2007,Victoria,5166403.5,1.8159453961517746
2007,Western Australia,2113888.5,2.6915944148177218
2008,Australian Capital Territory,348872.25,1.8081206386494575
2008,New South Wales,6959386.25,1.6224594928146763
2008,Northern Territory,220444.0,2.78091845607622
2008,Queensland,4233631.5,2.6926356434254117
2008,South Australia,1591169.5,1.173561414822899
2008,Tasmania,499489.0,1.096194287079033
2008,Victoria,5272302.25,2.0497576312032084
2008,Western Australia,2181940.5,3.2192804871212566
2009,Australian Capital Territory,355576.25,1.921620306573546
2009,New South Wales,7066714.25,1.5422049609618904
2009,Northern Territory,226246.75,2.6323011739943114
2009,Queensland,4337991.25,2.4650173261418606
2009,South Australia,1611553.75,1.281086018805655
2009,Tasmania,504928.25,1.0889629201043416
2009,Victoria,5384432.25,2.126774882832261
2009,Western Australia,2246417.25,2.9550187092636016
2010,Australian Capital Territory,362449.5,1.932989056496326
2010,New South Wales,7153816.25,1.2325671722186904
2010,Northern Territory,229784.25,1.563558371556728
2010,Queensland,4412724.25,1.7227558953697653
2010,South Australia,1628516.75,1.052586672954603
2010,Tasmania,509182.25,0.8424959387794306
2010,Victoria,5470173.5,1.5923916583777231
2010,Western Australia,2298478.0,2.3175013457539917
2011,Australian Capital Territory,369170.0,1.8541893422393985
2011,New South Wales,7230379.0,1.0702364629508132
2011,Northern Territory,231762.25,0.8608074748378103
2011,Queensland,4487875.5,1.7030579239117438
2011,South Australia,1641739.5,0.8119505064961619
2011,Tasmania,511587.5,0.47237506806256935
2011,Victoria,5553668.75,1.5263729751899158
2011,Western Australia,2361644.75,2.7481990256160715
2012,Australian Capital Territory,377447.5,2.242191944090788
2012,New South Wales,7317507.25,1.2050301927464702
2012,Northern Territory,236608.75,2.0911516004008313
2012,Queensland,4579426.0,2.039951865866163
2012,South Australia,1658180.25,1.001422576480615
2012,Tasmania,511778.0,0.037237031788306396
2012,Victoria,5666612.75,2.033682689483407
2012,Western Australia,2433495.0,3.0423817976857004
2013,Australian Capital Territory,384086.75,1.7589863490949043
2013,New South Wales,7418207.75,1.3761585272088483
2013,Northern Territory,241608.5,2.1130875337450616
2013,Queensland,4660869.25,1.778459789501996
2013,South Australia,1673227.25,0.9074405511704686
2013,Tasmania,512499.0,0.14088139779357967
2013,Victoria,5788667.0,2.153919023317763
2013,Western Australia,2490164.75,2.3287391180174977
2014,Australian Capital Territory,389906.0,1.515087411893279
2014,New South Wales,7523658.75,1.4215158641250003
2014,Northern Territory,242909.5,0.5384744328117641
2014,Queensland,4726679.0,1.4119630152680251
2014,South Australia,1688432.25,0.9087229484219694
2014,Tasmania,513810.0,0.25580537718121743
2014,Victoria,5912284.75,2.135513236467057
2014,Western Australia,2520706.25,1.2264851150912914
2015,Australian Capital Territory,396679.5,1.737213584812758
2015,New South Wales,7632156.0,1.4420809556254799
2015,Northern Territory,244102.75,0.49123233138268496
2015,Queensland,4784646.0,1.226379028489144
2015,South Australia,1702185.25,0.8145426030567782
2015,Tasmania,515330.0,0.29582919756330206
2015,Victoria,6042033.5,2.1945619246434234
2015,Western Australia,2542632.5,0.8698455046080911
2016,Australian Capital Territory,404923.75,2.078315113334561
2016,New South Wales,7750952.5,1.5565260982610907
2016,Northern Territory,245703.25,0.6556665174808574
2016,Queensland,4854983.0,1.4700565099277974
2016,South Australia,1715008.0,0.7533110746906102
2016,Tasmania,518990.5,0.7103215415364961
2016,Victoria,6188358.0,2.421775715080021
2016,Western Australia,2561145.5,0.7281036484824366
2017,Australian Capital Territory,416563.25,2.8744918024689925
2017,New South Wales,7868619.25,1.5180940665034504
2017,Northern Territory,247004.75,0.5297040230440642
2017,Queensland,4934711.0,1.6421890663674832
2017,South Australia,1730658.75,0.9125759180132142
2017,Tasmania,528061.75,1.7478643636058777
2017,Victoria,6318221.75,2.098517086438756
2017,Western Australia,2589765.5,1.1174687263960648
2018,Australian Capital Territory,427266.5,2.56941772948045
2018,New South Wales,7969313.25,1.279690842837522
2018,Northern Territory,246673.75,-0.1340055201367596
2018,Queensland,5016638.75,1.6602340035718477
2018,South Australia,1748989.0,1.0591487201044192
2018,Tasmania,538803.25,2.034137106124434
2018,Victoria,6439073.75,1.9127533787493212
2018,Western Australia,2623159.25,1.2894507243995657
2019,Australian Capital Territory,437107.75,2.3033048460387118
2019,New South Wales,8059862.5,1.1362240027395165
2019,Northern Territory,246366.25,-0.12465858243935202
2019,Queensland,5099858.5,1.658874679784339
2019,South Australia,1770804.5,1.2473205949265598
2019,Tasmania,549232.75,1.935678747297831
2019,Victoria,6553492.25,1.7769403557460484
2019,Western Australia,2668077.75,1.7123817396904162
2020,Australian Capital Territory,445334.25,1.8820302316762794
2020,New South Wales,8103954.0,0.5470502753613937
2020,Northern Territory,247492.75,0.4572460716514515
2020,Queensland,5169329.5,1.3622142653565872
2020,South Australia,1791223.5,1.153091716222776
2020,Tasmania,558715.25,1.7264993757200475
2020,Victoria,6597578.5,0.6727138496272822
2020,Western Australia,2716862.5,1.82846058365429
2021,Australian Capital Territory,451644.75,1.417025526332183
2021,New South Wales,8094950.75,-0.11109700277173173
2021,Northern Territory,248212.0,0.2906145735582122
2021,Queensland,5227907.5,1.133183713671193
2021,South Australia,1802247.0,0.6154173390422901
2021,Tasmania,566908.75,1.4664894147779162
2021,Victoria,6555549.0,-0.6370443337657905
2021,Western Australia,2751174.75,1.262936567456019
2022,Australian Capital Territory,458336.5,1.4816401607679497
2022,New South Wales,8190122.5,1.1756927613179036
2022,Northern Territory,250452.5,0.9026557942404034
2022,Queensland,5338412.75,2.1137567946640123
2022,South Australia,1825486.0,1.2894458972604772
2022,Tasmania,571414.5,0.7947928127763015
2022,Victoria,6656592.0,1.5413354396405232
2022,Western Australia,2804147.5,1.9254592969784934
2023,Australian Capital Territory,467361.25,1.969022759479122
2023,New South Wales,8366507.25,2.1536277387792513
2023,Northern Territory,253235.0,1.1109891097114133
2023,Queensland,5477571.5,2.606743924024979
2023,South Australia,1856747.25,1.7124891672683384
2023,Tasmania,573986.5,0.4501110839854494
2023,Victoria,6840779.0,2.766986469953392
2023,Western Australia,2895904.0,3.272170953917364
2024,Australian Capital Territory,472803.0,1.1643562661645568
2024,New South Wales,8469597.0,1.2321718839124918
2024,Northern Territory,254263.0,0.40594704523466696
2024,Queensland,5560452.0,1.5130884188367055
2024,South Australia,1873819.0,0.9194439361631002
2024,Tasmania,575660.0,0.29155737983384
2024,Victoria,6959234.0,1.7316010354960998
2024,Western Australia,2951602.0,1.9233372376984859
